species_id,species_name,common_name,noongar_name,category,i6,i5,i1,i2,i3,i4,s1,s2,s3,s4,s5,s6,species_info,photo_hlink
f1,Acacia cyclops,Red-eyed Wattle,Wilyawa,bush_food,y,y,n,y,y,y,y,n,n,n,n,y,"Seeds pounded into flour and used to make damper (mereny), gum used for chewing gum.",C:\Users\chell\Desktop\Species Photos\Acacia cyclops.jpg
f2,Acacia acuminata,Jam Wattle,"Mungart, Mangart, Manjart, Munert, Munertor, Mungaitch, Mungat, Mungut",bush_food,y,y,y,y,n,y,y,y,n,n,n,n,"Seeds pounded into flour and used to make damper (mereny), gum edible and also mixed with water to make drink (Djilyan).",C:\Users\chell\Desktop\Species Photos\Acacia acuminata.jpg
f3,Billardiera heterophylla,Bluebell Creeper,"Gumug, Kuruba, Namman",bush_food,y,y,y,y,y,y,y,y,n,n,n,n,Edible blue green fruit.,C:\Users\chell\Desktop\Species Photos\Billardiera heterophylla.jpg
f4,Daucus glochidiatus,Native Carrot,"Kwordiny, Mongming",bush_food,y,y,y,y,y,y,y,n,n,n,y,y,Edible carrot-like roots roasted in fire.,C:\Users\chell\Desktop\Species Photos\Daucus glochidiatus.jpg
f5,Malva preissiana,Australian Hollyhock,Unknown,bush_food,y,y,n,n,y,n,n,n,y,y,n,n,"Edible roots (mashed) and flowers, also used to make tea infusions.",C:\Users\chell\Desktop\Species Photos\Daucus glochidiatus.jpg
f6,Pterostylis vittata,Banded Greenhood Orchid,Kararr,bush_food,y,y,y,y,y,y,n,n,y,y,n,n,Tuberous roots roasted or pounded into cakes and baked.,C:\Users\chell\Desktop\Species Photos\Pterostylis vittata.jpg
f7,Banksia grandis,Bull Banksia,"Mungite, Poolgarla, Mangij, Mungytch",bush_food,y,y,y,y,y,y,y,n,n,n,y,y,Nectar sucked from flowers or made into a drink.,C:\Users\chell\Desktop\Species Photos\Banksia grandis.jpg
f8,Santalum murrayanum,Bitter Quandong,"Kulya, Tjak, Coolyar",bush_food,n,n,y,y,n,y,y,n,n,n,n,y,Seed kernals roasted and eaten.,C:\Users\chell\Desktop\Species Photos\Santalum murrayanum.jpg
f9,Haemodorum spicatum,Bloodroots,"Mardja, Boon, Bhon, Matje, Bohrn, Djanbar, Koolung",bush_food,y,y,n,y,y,y,y,n,n,n,n,y,Bulbous roots eaten raw or roasted.,C:\Users\chell\Desktop\Species Photos\Haemodorum spicatum.jpg
f10,Dianella revoluta,Blue Flax-lily,"Mangard, Mangarel",bush_food,y,y,y,y,y,y,y,y,y,y,y,y,"Roots eaten raw or roasted in fire, fruit also edible but bitter.",C:\Users\chell\Desktop\Species Photos\Dianella revoluta.jpg
f11,Drosera macrantha,Bridal Rainbow,Boon,bush_food,y,y,y,y,y,y,n,n,n,n,n,y,Roots eaten raw or roasted in fire.,C:\Users\chell\Desktop\Species Photos\Drosera macrantha.jpg
f12,Exocarpos sparteus,Native Cherry,"Djuk,Chuck, Djiyag, Dtulya, Weelarra, Waang",bush_food,y,y,y,y,y,y,y,y,n,n,n,n,Fruit eaten when ripe and red in colour.,C:\Users\chell\Desktop\Species Photos\Exocarpos sparteus.jpg
f13,Typha domingensis,Bulrushes,"Yangeti, Yanget, Lirimbi, Yanjidi, Yunjeedie, Yunjid, Tanjil, Yandijut, Jetta",bush_food,y,y,y,y,y,n,n,y,y,y,y,n,"Roots pounded and pulp baked into cakes, base of stems and young flower spikes are also edible.",C:\Users\chell\Desktop\Species Photos\Typha domingensis.jpg
f14,Lysiana casuarinae,Casuarina Mistletoe,Nyilla,bush_food,y,y,y,y,n,n,n,y,y,n,n,n,Edible red berries with sweet sticky pulp.,C:\Users\chell\Desktop\Species Photos\Lysiana casuarinae.jpg
f15,Nuytsia floribunda,Western Australian Christmas Tree,"Mungai, Mooja, Mungah, Moondjak, Moodgar",bush_food,y,y,y,y,y,y,y,n,n,n,n,y,"Underground root suckers peeled and eaten, sweet sticky gum edible, flowers soaked in water and nectar drunk.",C:\Users\chell\Desktop\Species Photos\Nuytsia floribunda.jpg
f16,Carpobrotus virescens,Coastal Pigface,"Bain, Kolbolgo, Kolboje, Metjarak",bush_food,y,y,n,y,y,y,y,y,n,n,n,n,Both leaves and fruit edible.,C:\Users\chell\Desktop\Species Photos\Carpobrotus virescens.jpg
f17,Leucopogon parviflorus,Coast Beard-heath,Unknown,bush_food,y,y,n,y,y,y,y,n,n,n,n,y,Edible white fruit.,C:\Users\chell\Desktop\Species Photos\Leucopogon parviflorus.jpg
f18,Lepidosperma gladiatum,Coast Sword-sedge,Kerbein,bush_food,y,y,n,y,y,y,n,y,y,n,n,n,White base of leaves and stems edible either raw or roasted.,C:\Users\chell\Desktop\Species Photos\Lepidosperma gladiatum.jpg
f19,Styphelia tenuiflora,Common Pin Heath,Gunalpa,bush_food,y,y,y,y,y,y,n,n,y,y,n,n,Small green berries edible when ripe.,C:\Users\chell\Desktop\Species Photos\Styphelia tenuiflora.jpg
f20,Thysanotus manglesianus,Fringed Lily,"Adjiko, Tjunguri",bush_food,y,y,y,y,y,y,n,n,n,n,y,y,Watery tuberous roots edible either raw or baked.,C:\Users\chell\Desktop\Species Photos\Thysanotus manglesianus.jpg
f21,Xanthorrhoea preissii,Grass Tree,"Balga, Baaluk, Balgarr, Ballak, Balligar, Balluk",bush_food,y,y,y,y,y,y,n,n,y,n,n,y,"Nectar laden flowers soaked in water to make a drink, gum from flower spikes used to make cakes, tender white portion at base of leaves is also edible.",C:\Users\chell\Desktop\Species Photos\Xanthorrhoea preissii.jpg
f22,Grevillea crithmifolia,Green Carpet,Berrung,bush_food,n,y,n,y,n,n,n,n,n,y,y,y,Nectar sucked directly from flower or soaked in water to make a drink.,C:\Users\chell\Desktop\Species Photos\Grevillea crithmifolia.jpg
f23,Hakea laurina,Pincushion Hakea,Kodjet,bush_food,n,y,y,y,y,y,n,n,y,y,n,n,"Nectar sucked directly from flower or made into a drink, liquid fermented into an alcoholic drink called gep.",C:\Users\chell\Desktop\Species Photos\Hakea laurina.jpg
f24,Anigozanthos manglesii,Red and Green Kangaroo Paw,"Kurulbrang, Nollamara, Yonga Marra, Knulbora",bush_food,y,y,y,y,y,y,n,n,n,n,y,y,"Rhizomatous roots edible either raw or roasted, or ground into paste to make cakes and baked.",C:\Users\chell\Desktop\Species Photos\Anigozanthos manglesii.jpg
f25,Platysace maxwellii,Native Potato,"Karno, Kukine, Koon, Kona",bush_food,y,n,y,n,n,y,y,y,y,y,y,y,Tubers eaten roasted or sometimes raw.,C:\Users\chell\Desktop\Species Photos\Platysace maxwellii.jpg
f26,Styphelia serratifolia,Kondrung,"Murrumburru, Kondrung, Condrun",bush_food,y,y,y,y,n,y,n,n,n,y,y,n,Small green berries eaten as a snack food.,C:\Users\chell\Desktop\Species Photos\Styphelia serratifolia.jpg
f27,Bulbine semibarbata,Leek Lily,Meenar,bush_food,y,y,y,y,y,y,n,n,n,n,y,y,Leaves boiled or steamed and eaten as a green vegetable.,C:\Users\chell\Desktop\Species Photos\Bulbine semibarbata.jpg
f28,Callistemon phoeniceus,Lesser Bottlebrush,Tubada,bush_food,y,y,y,y,y,y,y,n,n,n,n,y,Nectar sucked from flower or soaked in water to make a drink.,C:\Users\chell\Desktop\Species Photos\Callistemon phoeniceus.jpg
f29,Alyogyne huegelii,Lilac Hibiscus,Unknown,bush_food,y,y,y,y,y,y,n,n,n,n,y,y,"Edible flowers, leaves and roots.",C:\Users\chell\Desktop\Species Photos\Alyogyne huegelii.jpg
f30,Scaevola spinescens,Maroon Bush,Murin Murin,bush_food,y,n,y,n,n,n,y,y,n,n,n,n,Purple berries (kalburi) are eaten as a snack.,C:\Users\chell\Desktop\Species Photos\Scaevola spinescens.jpg
f31,Bolboschoenus caldwellii,March Club-rush,Belillah,bush_food,n,y,n,y,y,n,y,y,n,n,n,n,"Edible round corms (bulbotubers) roasted, pounded and shaped into cakes to be baked in hot ashes.",C:\Users\chell\Desktop\Species Photos\Bolboschoenus caldwellii.jpg
f32,Melaleuca cuticularis,Saltwater Paperbark,"Bibool, Yaularung, Bewel, Koll, Mudurda",bush_food,n,y,y,y,y,y,y,n,n,n,n,y,"Nectar sucked directly from flowers, or soaked in water to make a drink (mangite, mungitch). Liquid sometimes fermented to make alcoholic beverage (gep).",C:\Users\chell\Desktop\Species Photos\Melaleuca cuticularis.jpg
f33,Burchardia congesta,Milkmaids,Kara,bush_food,y,y,y,y,y,y,n,n,n,n,y,y,Starchy corms (tubers) eaten raw or roasted in hot ashes.,C:\Users\chell\Desktop\Species Photos\Burchardia congesta.jpg
f34,Atriplex nummularia,Old Man Saltbush,"Purngep, Pining, Binga",bush_food,y,y,y,y,y,y,y,y,y,y,y,y,"Seeds ground into flour and mixed with water to make damper (mereny). Leaves bolied or steamed to eat as a green vegetable, or eaten raw.",C:\Users\chell\Desktop\Species Photos\Atriplex nummularia.jpg
f35,Caesia micrantha,Pale Grass-lily,Karhrh,bush_food,y,y,y,y,y,y,n,n,n,n,y,y,Tubers roasted in hot ashes and eaten.,C:\Users\chell\Desktop\Species Photos\Caesia micrantha.jpg
f36,Caladenia latifolia,Pink Fairy Orchid,"Kar, Kararr",bush_food,y,y,n,y,y,y,n,n,n,n,y,y,Tubers eaten raw or roasted in hot ashes. Tubers also pounded and formed into cakes then baked in hot ashes.,C:\Users\chell\Desktop\Species Photos\Caladenia latifolia.jpg
f37,Santalum acuminatum,Quandong,"Dumbari, Wongup, Jawirli, Walku, Wanga, Candang",bush_food,y,y,y,y,y,y,y,n,n,n,n,y,Fleshy fruits are bright red when ripe and can be dried and eaten as a snack. Inside the fruit is a nut containing a kernel that is edible when roasted.,C:\Users\chell\Desktop\Species Photos\Santalum acuminatum.jpg
f38,Pyrorchis nigricans,Red Beaks,"Djubak, Djubag",bush_food,y,y,y,y,y,y,n,n,n,n,y,y,"Tuberous roots (bwoor) are high in starch and eaten either raw or roasted in hot ashes, or pounded and made into cakes.",C:\Users\chell\Desktop\Species Photos\Pyrorchis nigricans.jpg
f39,Beaufortia squarrosa,Sand Beaufortia,Buno,bush_food,y,y,y,y,y,y,y,y,y,n,y,y,"Nectar (ngonyang) sucked directly from flowers, or flowers soaked in water to make a sweet drink (mungitch).",C:\Users\chell\Desktop\Species Photos\Beaufortia squarrosa.jpg
f40,Rhagodia baccata,Sea Berry Saltbush,Unknown,bush_food,y,y,n,y,y,y,n,y,y,n,n,n,Small red berries (karlburi) eaten raw. Leaves boiled or steamed and eaten as a vegetable.,C:\Users\chell\Desktop\Species Photos\Rhagodia baccata.jpg
f41,Persoonia longifolia,Snottygobbles,"Kadgeegurr, Ngowdik, Cadgeegurrup",bush_food,n,y,n,y,y,y,n,n,n,y,y,n,"Edible fruits contain a sweet pulp which resemble snot, hence the name.",C:\Users\chell\Desktop\Species Photos\Persoonia longifolia.jpg
f42,Kunzea ericifolia,Spearwood,"Kitja Boorn, Poorndil Condi, Pondil",bush_food,n,y,n,y,y,y,n,n,n,n,y,y,Edible flowers are a good source of nectar (ngonyang),C:\Users\chell\Desktop\Species Photos\Kunzea ericifolia.jpg
